itemset_length,frequent_itemset_count,minimum_support,maximum_support,minimum_support_count,maximum_support_count
1,1564,0.005027652086475616,0.12127814088598403,90,2171
2,9814,0.005027652086475616,0.04385229875425954,90,785
3,7303,0.005027652086475616,0.027484498072733368,90,492
