metric,total_count,finite_count,infinite_count,missing_count,minimum,median,mean,maximum
antecedent_support,63446,63446,0,0,0.005306966091279817,0.03173007094575722,0.037113096240110534,0.12127814088598403
consequent_support,63446,63446,0,0,0.005306966091279817,0.03173007094575722,0.03711309624011054,0.12127814088598403
support,63446,63446,0,0,0.005027652086475616,0.005865594100888219,0.006635107133724763,0.04385229875425954
confidence,63446,63446,0,0,0.041455550437586364,0.212624584717608,0.28987940985040384,0.9736842105263158
lift,63446,63446,0,0,1.0526487201669128,7.807065217391303,9.924307554361143,101.26851428571429
leverage,63446,63446,0,0,0.0004358646596839006,0.005046469621238694,0.00555618490829767,0.03685372054539732
conviction,63446,63446,0,0,1.0043858421995513,1.2200564957971989,1.5970351734954036,37.28674375733203
