evidence_tier,rule_count,rule_percentage
Tier A,590,17.236342389716622
Tier B,2281,66.63745252702309
Tier C,549,16.038562664329536
Tier D,3,0.0876424189307625
