statistic,value
count,17901.0
mean,26.458633595888497
std,48.86482473096147
min,1.0
25%,6.0
50%,15.0
75%,29.0
90%,53.0
95%,77.0
99%,230.0
max,1106.0
